rep,task,pid,draft,gamma,n_new,ttft,total,decode_tps,rounds,drafted,accepted,rejects,t_draft,t_verify,same,match_prefix
0,en_write,0,vanilla,0,128,0.05663012500735931,6.27269462501863,20.430933430592574,127,0,0,0,0.0,0.0,True,128
0,en_write,0,Qwen3-0.6B,10,128,0.08265279198531061,11.036798666988034,11.593783892344636,53,530,75,53,8.041662626055768,2.9036192469939124,True,128
0,en_write,0,Qwen3-0.6B,6,128,0.07162383402464911,8.030874500022037,15.95627595227715,55,330,73,52,5.003323541895952,2.947136837989092,True,128
0,en_write,0,Qwen3-0.6B,2,128,0.0703100000100676,5.810442457994213,22.124924978578044,67,134,60,48,2.1442364599497523,3.5874667931348085,False,90
0,en_write,0,Qwen3-0.6B,4,128,0.07011108301230706,6.981990416999906,18.374163358944404,58,232,70,52,3.7000404118734878,3.202651877014432,True,128
0,en_write,0,Qwen3-0.6B,5,128,0.07243075000587851,7.52085591701325,17.05058413724066,56,280,72,51,4.363462546025403,3.0755733289697673,True,128
0,en_write,0,Qwen3-0.6B,3,128,0.07014266698388383,6.084556791989598,21.115938703319557,60,180,67,48,2.7790944578882772,3.2261830019706395,False,90
0,en_write,0,Qwen3-0.6B,1,128,0.06901454200851731,5.419225999998162,23.737379540456626,77,77,50,27,1.3481992069573607,3.996315459080506,False,90
0,en_write,0,Qwen3-0.6B,12,128,0.07183395800529979,12.43151754201972,10.275343954942127,53,636,75,53,9.498481165996054,2.8524998759967275,True,128
0,en_write,0,Qwen3-0.6B,8,128,0.0681269170017913,9.041282042016974,14.153327144200588,53,424,75,53,6.200750750984298,2.7640309969719965,True,128
0,code,0,vanilla,0,128,0.05218487500678748,5.739356083999155,22.330961269319936,127,0,0,0,0.0,0.0,True,128
0,code,0,Qwen3-0.6B,10,128,0.08566233300371096,5.08020112500526,25.4277732717549,25,250,103,20,3.696852375927847,1.2941962910990696,True,128
0,code,0,Qwen3-0.6B,6,128,0.07215220798389055,4.25840429100208,30.33739905802232,30,180,98,21,2.653550541930599,1.5291413340601139,True,128
0,code,0,Qwen3-0.6B,2,128,0.06947054201737046,4.097708209010307,31.52743469945382,50,100,77,15,1.5386770008481108,2.4860275000100955,True,128
0,code,0,Qwen3-0.6B,4,128,0.06931295798858628,4.031117374979658,32.056100360566134,35,140,93,19,2.1430894170189276,1.815068623953266,True,128
0,code,0,Qwen3-0.6B,5,128,0.07266562501899898,4.04756033301237,31.950531858015644,31,155,97,21,2.3501615418936126,1.6210555840516463,True,128
0,code,0,Qwen3-0.6B,3,128,0.07004216700443067,3.95428625002387,32.69619449385267,40,120,88,17,1.8370566699595656,2.0435567511594854,True,128
0,code,0,Qwen3-0.6B,1,128,0.07088283298071474,4.732569249987137,27.24335972850682,70,70,58,12,1.184969627065584,3.4722987529821694,True,128
0,code,0,Qwen3-0.6B,12,128,0.07134774999576621,5.524980374990264,23.287230499896044,24,288,104,22,4.202945287921466,1.2468822530063335,True,128
0,code,0,Qwen3-0.6B,8,128,0.06876070899306796,4.862639583996497,26.492116991568576,28,224,100,21,3.3366965839231852,1.4534964590275194,True,128
0,en2ko,0,vanilla,0,107,0.0663317920116242,4.84192845900543,22.196179324064655,106,0,0,0,0.0,0.0,True,107
0,en2ko,0,Qwen3-0.6B,10,107,0.09669641699292697,6.287876209011301,17.121130957407257,31,310,75,31,4.585728083009599,1.6001180399034638,True,107
0,en2ko,0,Qwen3-0.6B,6,107,0.08394162502372637,5.079398958012462,21.2192784232192,35,210,71,30,3.175956709048478,1.8140593319549225,True,107
0,en2ko,0,Qwen3-0.6B,2,107,0.08236975001636893,4.040835624997271,26.778050726662233,47,94,59,22,1.542654241929995,2.410823585058097,True,107
0,en2ko,0,Qwen3-0.6B,4,107,0.08526958400034346,4.35232437500963,24.841490253029495,38,152,68,29,2.306438290019287,1.9555122118908912,True,107
0,en2ko,0,Qwen3-0.6B,5,107,0.08867445797659457,4.679156874975888,23.09125498606965,36,180,70,29,2.72098550296505,1.8642900831182487,True,107
0,en2ko,0,Qwen3-0.6B,3,107,0.08971754199592397,4.1331978749949485,26.2150403292256,41,123,65,27,1.937507168884622,2.100524872977985,True,107
0,en2ko,0,Qwen3-0.6B,1,107,0.08773458300856873,4.199074415984796,25.782349381531386,61,61,45,16,1.0545162959315348,3.0524057048314717,True,107
0,en2ko,0,Qwen3-0.6B,12,107,0.08773483301047236,7.623406917002285,14.066429486120825,31,372,75,31,5.820391832938185,1.7093097909819335,True,107
0,en2ko,0,Qwen3-0.6B,8,107,0.09756162500707433,5.850148583995178,18.42649242083699,32,256,74,30,4.0171430419432,1.7299871660070494,True,107
0,ko2en,0,vanilla,0,55,0.08074954099720344,2.619256249978207,21.27234874304368,54,0,0,0,0.0,0.0,True,55
0,ko2en,0,Qwen3-0.6B,10,52,0.10445733400410973,3.383248124999227,15.55451483518454,16,160,35,15,2.4450380830385257,0.8311699579062406,False,2
0,ko2en,0,Qwen3-0.6B,6,58,0.09275829198304564,3.5019958749762736,16.71928066390591,24,144,33,22,2.1823132920544595,1.223088128870586,False,2
0,ko2en,0,Qwen3-0.6B,2,55,0.0952599169977475,2.1284408339997754,26.559367908894327,25,50,31,12,0.7905811260570772,1.2400202490389347,True,55
0,ko2en,0,Qwen3-0.6B,4,58,0.09253712499048561,2.9734784579777624,19.785199839837116,25,100,32,22,1.579546540044248,1.2968077910481952,False,2
0,ko2en,0,Qwen3-0.6B,5,58,0.09391229099128395,3.19967870801338,18.352957803778864,24,120,33,22,1.857068711076863,1.244570915849181,False,2
0,ko2en,0,Qwen3-0.6B,3,55,0.09299354199902155,2.2334181669866666,25.228638920331846,21,63,35,14,1.0338360810128506,1.1036483330535702,True,55
0,ko2en,0,Qwen3-0.6B,1,55,0.09400599999935366,2.1766178749967366,25.928979205531448,32,32,23,9,0.5346953709668014,1.545487587020034,True,55
0,ko2en,0,Qwen3-0.6B,12,52,0.10089808297925629,3.8940910829987843,13.445137117920824,16,192,35,16,2.9562199580832385,0.8342130419332534,False,2
0,ko2en,0,Qwen3-0.6B,8,52,0.0927460829843767,3.3160499169898685,15.822275102320717,18,144,33,16,2.264260623982409,0.9559918330633081,False,2
