rep,task,pid,draft,gamma,n_new,ttft,total,decode_tps,rounds,drafted,accepted,rejects,t_draft,t_verify,same,match_prefix,load
1,en_write,0,vanilla,0,128,0.08533825000631623,9.070086084015202,14.135065596307797,127,0,0,0,0.0,0.0,True,128,7.7
1,en_write,0,Qwen3-0.6B,16,128,0.11167941600433551,19.201168833009433,6.652875685971318,60,960,69,60,13.944583878008416,5.135290497884853,False,29,7.7
1,en_write,0,Qwen3-0.6B,5,128,0.1010189590160735,7.546621500019683,17.057048009291318,50,250,77,46,3.60940329299774,3.829109542130027,False,62,7.7
1,en_write,0,Qwen3-1.7B,6,128,0.14631516701774672,7.581596459000139,17.080725666283342,35,210,98,29,4.772635708010057,2.6580945000459906,False,62,7.7
1,en_write,0,Qwen3-0.6B,1,128,0.10763375001261011,6.732007874990813,19.171622496550626,74,74,53,21,1.2325046237674542,5.387290373037104,False,58,7.7
1,en_write,0,Qwen3-0.6B,8,128,0.09421024998300709,8.701472166983876,14.754982621029862,48,384,79,47,5.115695876942482,3.484591874090256,False,62,7.7
1,en_write,0,Qwen3-0.6B,12,128,0.09502004197565839,11.40638037500321,11.22765045590301,48,576,79,48,7.755071792023955,3.549051707057515,False,62,7.7
1,en_write,0,Qwen3-0.6B,2,128,0.09380512501229532,5.916937541012885,21.809567587890335,57,114,70,28,1.6763264609617181,4.141683042864315,False,58,7.7
1,en_write,0,Qwen3-1.7B,12,128,0.14656591700622812,11.468880041997181,11.216788246466486,32,384,106,31,8.935145879047923,2.38178374900599,False,62,7.7
1,en_write,0,Qwen3-1.7B,10,128,0.11160766700049862,10.659116499999072,12.040757870964958,33,330,104,31,7.970131168025546,2.571210914029507,False,62,7.7
1,en_write,0,Qwen3-0.6B,10,128,0.11401854199357331,10.86579349997919,11.81200318052359,48,480,79,48,7.161276793049183,3.582289454061538,False,62,7.7
1,en_write,0,Qwen3-1.7B,5,128,0.1467880830168724,8.058285583014367,16.052586757442597,38,190,94,28,4.941664331039647,2.9635814959183335,False,62,7.7
1,en_write,0,Qwen3-1.7B,4,128,0.11408395800390281,7.996304750005947,16.112210422837272,41,164,90,28,4.498005464061862,3.3770143330621067,False,62,7.7
1,en_write,0,Qwen3-0.6B,20,128,0.13381187498453073,24.10173016699264,5.298749705866071,60,1200,69,60,18.801256792910863,5.155214127007639,False,29,7.7
1,en_write,0,Qwen3-1.7B,20,128,0.1585837499878835,30.077009000000544,4.244875822799071,48,960,81,48,25.661532246042043,4.245326085976558,False,29,7.7
1,en_write,0,Qwen3-1.7B,8,128,0.11796341699664481,10.165261082991492,12.640214734538267,33,264,102,30,7.3402639569249,2.6990783330402337,False,62,7.7
1,en_write,0,Qwen3-1.7B,24,128,0.1196312090032734,35.421299499983434,3.597563688865363,48,1152,81,48,30.867692038038513,4.422114580025664,False,29,7.7
1,en_write,0,Qwen3-0.6B,6,128,0.11505837499862537,9.09199012501631,14.147372792463285,49,294,78,47,5.103886999859242,3.8630105800402816,False,62,7.7
1,en_write,0,Qwen3-1.7B,3,128,0.15891062500304542,7.377632041985635,17.593143254042587,45,135,84,25,3.5971943739859853,3.6154986678157,False,58,7.7
1,en_write,0,Qwen3-0.6B,3,128,0.12998924998100847,6.479577291000169,20.00129759278296,49,147,78,32,2.572543126065284,3.769984290964203,False,58,7.7
1,en_write,0,Qwen3-0.6B,24,128,0.10042312499717809,26.494943124998827,4.811604833124151,60,1440,69,60,21.371841088111978,5.012478082062444,False,29,7.7
1,en_write,0,Qwen3-1.7B,1,128,0.15444225000101142,8.024993875005748,16.136098973866215,74,74,53,21,2.1445063389255665,5.7193178361631,False,58,7.7
1,en_write,0,Qwen3-0.6B,4,128,0.12490054199588485,7.7349576669803355,16.68844240118099,52,208,75,45,3.560546457039891,4.040411912865238,False,62,7.7
1,en_write,0,Qwen3-1.7B,16,128,0.15440379199571908,24.79618466697866,5.153848280865695,48,768,81,48,20.41343558000517,4.21663216597517,False,29,7.7
1,en_write,0,Qwen3-1.7B,2,128,0.11396437499206513,7.9088317079877015,16.29277248406905,53,106,75,17,3.249980623018928,4.5378214200318325,False,58,7.7
1,en_write,0,vanilla_after,0,128,0.09542329201940447,10.452447707997635,12.262209192446393,127,0,0,0,0.0,0.0,True,128,7.7
1,en_write,1,vanilla,0,128,0.09263387499959208,10.455656000005547,12.255112308749126,127,0,0,0,0.0,0.0,True,128,7.7
1,en_write,1,Qwen3-0.6B,12,128,0.15027333397301845,14.59520666699973,8.792010116767297,47,564,88,47,10.455898167012492,3.977776335144881,True,128,7.7
1,en_write,1,Qwen3-1.7B,16,128,0.1750957079930231,16.785384249989875,7.6458635669631985,30,480,100,29,13.818465539050521,2.7830760430078954,True,128,7.7
1,en_write,1,Qwen3-1.7B,5,128,0.12859183401451446,8.41950133399223,15.317981700360058,36,180,95,26,5.2243975009187125,3.0592695850355085,True,128,7.7
1,en_write,1,Qwen3-1.7B,24,128,0.11789087500073947,22.46896216701134,5.68205426669621,30,720,107,30,19.604926458006958,2.7389353350154124,True,128,7.7
1,en_write,1,Qwen3-1.7B,20,128,0.11783041598391719,19.204430124984356,6.6538829302378115,30,600,104,29,16.357883415999822,2.7214872520416975,True,128,7.7
1,en_write,1,Qwen3-1.7B,8,128,0.11467808298766613,9.662928374978947,13.300866244208418,32,256,99,28,6.932477624039166,2.608947707922198,True,128,7.7
1,en_write,1,Qwen3-0.6B,5,128,0.143591333006043,7.986998542008223,16.19194268713184,48,240,83,41,4.120066294126445,3.7142121638462413,True,128,7.7
1,en_write,1,Qwen3-1.7B,3,128,0.15369241699227132,7.2000099169963505,18.023598851446373,44,132,85,23,3.549927413754631,3.490152629063232,True,128,7.7
1,en_write,1,Qwen3-0.6B,10,128,0.11859287499100901,11.334936208004365,11.322763241938002,47,470,88,47,7.5726341680274345,3.6342637469933834,True,128,7.7
1,en_write,1,Qwen3-0.6B,20,128,0.0996234999911394,18.96795399999246,6.730855175554144,47,940,88,47,14.879342790023657,3.979432916006772,True,128,7.7
1,en_write,1,Qwen3-0.6B,1,128,0.09881079199840315,7.271129917004146,17.706964481993587,75,75,52,23,1.4513829960778821,5.714475919987308,True,128,7.7
1,en_write,1,Qwen3-1.7B,12,128,0.1703326250135433,11.61138058299548,11.10038175405055,31,372,106,30,9.059665169072105,2.375346495042322,True,128,7.7
1,en_write,1,Qwen3-0.6B,4,128,0.11762287502642721,8.258393417025218,15.600488841295592,53,212,77,43,3.9169458760879934,4.212822543078801,True,128,7.7
1,en_write,1,Qwen3-0.6B,16,128,0.10792329200194217,16.545812166994438,7.726052960073803,47,752,88,47,12.423687584028812,4.004792165040271,True,128,7.7
1,en_write,1,Qwen3-1.7B,4,128,0.1520336249959655,7.657688583014533,16.920575314259715,40,160,88,27,4.33317291495041,3.1659180860733613,True,128,7.7
1,en_write,1,Qwen3-1.7B,10,128,0.10799074999522418,10.372142333013471,12.373160993658546,31,310,104,28,7.842857703974005,2.4154133791162167,True,128,7.7
1,en_write,1,Qwen3-0.6B,24,128,0.14104991700151004,21.25987283399445,6.013592731904172,47,1128,88,47,17.177566832047887,3.9331118729314767,True,128,7.7
1,en_write,1,Qwen3-1.7B,2,128,0.14943933300673962,7.48970708300476,17.301821176759425,54,108,74,22,2.9999312091094907,4.334237247996498,True,128,7.7
1,en_write,1,Qwen3-0.6B,6,128,0.12177066699950956,8.346689666999737,15.44088154545917,47,282,85,45,4.599907456053188,3.616426129010506,True,128,7.7
1,en_write,1,Qwen3-1.7B,1,128,0.15409862497472204,7.939393333974294,16.312805712183472,70,70,57,13,2.1480595058528706,5.631172912049806,True,128,7.7
1,en_write,1,Qwen3-1.7B,6,128,0.12737345800269395,8.870325915981084,14.525985427737975,33,198,94,27,5.8831984600110445,2.8514545839861967,True,128,7.7
1,en_write,1,Qwen3-0.6B,3,128,0.1675473749928642,8.0461209579953,16.11966920941059,56,168,73,41,3.319724704226246,4.54761287785368,True,128,7.7
1,en_write,1,Qwen3-0.6B,8,128,0.10912800001096912,10.080027499992866,12.737065497473981,47,376,87,46,6.343967292836169,3.6170313730544876,True,128,7.7
1,en_write,1,Qwen3-0.6B,2,128,0.09905216697370633,7.158676833991194,17.989624943283886,62,124,66,37,2.261966834019404,4.789170628966531,True,128,7.7
1,en_write,1,vanilla_after,0,128,0.08726579198264517,9.71397320899996,13.192464931000154,127,0,0,0,0.0,0.0,True,128,7.7
1,en_write,2,vanilla,0,128,0.09244612499605864,9.686995291995117,13.236682390124486,127,0,0,0,0.0,0.0,True,128,7.0
1,en_write,2,Qwen3-1.7B,3,128,0.16408808299456723,9.945861499989405,12.983330791464704,59,177,69,45,4.995309249061393,4.774462291941745,True,128,7.0
1,en_write,2,Qwen3-1.7B,24,128,0.11928083398379385,40.094529916998,3.1769658204322058,56,1344,75,56,35.01049529295415,4.951834998035338,False,80,7.0
1,en_write,2,Qwen3-0.6B,3,128,0.1570162920106668,8.569432624994079,15.0967326120152,64,192,63,55,3.4572798749431968,4.943076752038905,True,128,7.0
1,en_write,2,Qwen3-0.6B,6,128,0.10325587500119582,11.143279166979482,11.503598918335488,60,360,68,59,6.287469039030839,4.739724917919375,False,37,7.0
1,en_write,2,Qwen3-1.7B,12,128,0.17401408299338073,22.724423874984495,5.631826701663961,53,636,75,53,18.00203166215215,4.533056296961149,True,128,7.0
1,en_write,2,Qwen3-1.7B,1,128,0.12025312500190921,9.023556500003906,14.2643684766017,80,80,48,32,2.415774749038974,6.477118499955395,True,128,7.0
1,en_write,2,Qwen3-0.6B,24,128,0.14089700000477023,26.270975040999474,4.860299299556376,60,1440,70,60,21.14250216804794,4.977450411970494,False,80,7.0
1,en_write,2,Qwen3-0.6B,4,128,0.10146108397748321,8.447161791991675,15.217416061666901,62,248,66,56,3.768145837908378,4.567401368927676,False,37,7.0
1,en_write,2,Qwen3-0.6B,1,128,0.09436733298934996,7.299907124979654,17.625327687618007,84,84,43,41,1.316188210126711,5.882699046022026,True,128,7.0
1,en_write,2,Qwen3-1.7B,6,128,0.16045629201107658,10.802325500000734,11.933993692071642,50,300,77,47,6.979390369146131,3.6544738379016053,False,37,7.0
1,en_write,2,Qwen3-0.6B,8,128,0.10481533399433829,10.457149499998195,12.267764734358815,59,472,69,59,6.184673832991393,4.159572042961372,True,128,7.0
1,en_write,2,Qwen3-0.6B,2,128,0.09086579098948278,6.674613915994996,19.289923853199298,69,138,59,48,1.8627532060490921,4.7144328319700435,True,128,7.0
1,en_write,2,Qwen3-1.7B,16,128,0.1348138749890495,23.404175333009334,5.4578205864874185,56,896,75,56,18.887972249125596,4.373637209035223,False,80,7.0
1,en_write,2,Qwen3-0.6B,16,128,0.1037957499793265,17.229207707976457,7.415879998185634,60,960,70,60,12.493487582018133,4.623897000128636,False,80,7.0
1,en_write,2,Qwen3-0.6B,20,128,0.09083137501147576,20.282251875003567,6.2898001653746825,60,1200,70,60,15.463191543967696,4.720252796134446,False,80,7.0
1,en_write,2,Qwen3-1.7B,8,128,0.12922883298597299,12.951450416992884,9.904679869080287,54,432,74,53,9.063424580148421,3.7512640838394873,True,128,7.0
1,en_write,2,Qwen3-1.7B,4,128,0.10176858401973732,8.282849542010808,15.523620980177398,53,212,74,44,4.522269503038842,3.65277470703586,False,37,7.0
1,en_write,2,Qwen3-0.6B,12,128,0.10202929200022481,13.816447207995225,9.260327399814837,59,708,69,59,9.456428043136839,4.249245252809487,True,128,7.0
1,en_write,2,Qwen3-1.7B,20,128,0.14185616601025686,31.599333124991972,4.037195995266844,56,1120,75,56,26.78255787998205,4.664013539004372,False,80,7.0
1,en_write,2,Qwen3-0.6B,5,128,0.13028287500492297,10.180848667019745,12.636104536612411,61,305,67,59,5.331412581959739,4.705934793048073,False,37,7.0
1,en_write,2,Qwen3-0.6B,10,128,0.10308320901822299,15.21578383402084,8.403527810898987,59,590,69,59,10.372315248008817,4.725957831949927,True,128,7.0
1,en_write,2,Qwen3-1.7B,2,128,0.18804787498083897,9.501688916003332,13.635913112886879,66,132,62,42,3.902369251009077,5.399146831972757,True,128,7.0
1,en_write,2,Qwen3-1.7B,10,128,0.1228953329846263,19.236927707999712,6.644333205483532,53,530,74,52,14.772161416010931,4.327278003911488,True,128,7.0
1,en_write,2,Qwen3-1.7B,5,128,0.11880037499940954,12.092643333016895,10.60645278590053,51,255,76,47,7.520033170032548,4.439705830911407,False,37,7.0
1,en_write,2,vanilla_after,0,128,0.10464541701367125,10.22119645800558,12.553685488799541,127,0,0,0,0.0,0.0,True,128,7.0
1,code,0,vanilla,0,128,0.09994533401913941,10.18664041699958,12.590843577128707,127,0,0,0,0.0,0.0,True,128,8.1
1,code,0,Qwen3-0.6B,16,128,0.15671570898848586,9.271977875003358,13.932676612802624,23,368,114,20,7.026405459968373,2.083703958953265,False,28,8.1
1,code,0,Qwen3-0.6B,5,128,0.11983820900786668,6.752547167008743,19.14753094160765,36,180,92,26,3.637005213997327,2.9882659970317036,True,128,8.1
1,code,0,Qwen3-1.7B,6,128,0.18291083301301114,6.63373541701003,19.68740559386116,24,144,104,11,4.3693127479054965,2.0776360871095676,True,128,8.1
1,code,0,Qwen3-0.6B,1,128,0.14869179198285565,7.9378394589875825,16.304736465323316,73,73,55,18,1.7623967120307498,6.019328577036504,True,128,8.1
1,code,0,Qwen3-0.6B,8,128,0.1152332499914337,7.679640582995489,16.789154048578244,33,264,95,28,4.895315496920375,2.6609707119641826,True,128,8.1
1,code,0,Qwen3-0.6B,12,128,0.11176354100462049,8.993027999997139,14.299765600540033,30,360,98,28,6.447582248976687,2.4250714169756975,True,128,8.1
1,code,0,Qwen3-0.6B,2,128,0.11160449997987598,6.6846928329905495,19.32120695262742,54,108,74,19,2.230055622960208,4.334922670968808,True,128,8.1
1,code,0,Qwen3-1.7B,12,128,0.1774638750066515,7.202216500008944,18.078928437705457,18,216,110,13,5.608000917010941,1.4135574149549939,True,128,8.1
1,code,0,Qwen3-1.7B,10,128,0.11546695799916051,6.0581627909850795,21.370772384994943,19,190,109,13,4.513538584054913,1.4266108750307467,True,128,8.1
1,code,0,Qwen3-0.6B,10,128,0.1203712499991525,6.701953957992373,19.29627046177824,30,300,98,27,4.3772089559352025,2.199945752072381,True,128,8.1
1,code,0,Qwen3-1.7B,5,128,0.1451521670096554,5.490099167014705,23.760759461203268,26,130,101,9,3.3508357100072317,1.9914812890056055,True,128,8.1
1,code,0,Qwen3-1.7B,4,128,0.11899341701064259,5.882668042002479,22.034554041152155,32,128,95,11,3.3116636688937433,2.44863599902601,True,128,8.1
1,code,0,Qwen3-0.6B,20,128,0.12888708300306462,8.54411729099229,15.09168458391419,22,440,119,20,6.601976542064222,1.8099020829540677,False,28,8.1
1,code,0,Qwen3-1.7B,20,128,0.1490843330102507,6.456939750001766,20.1336257102373,11,220,128,8,5.380879748990992,0.9253032509586774,False,28,8.1
1,code,0,Qwen3-1.7B,8,128,0.114035624981625,6.204622332996223,20.85184992652363,22,176,106,13,4.409114921087166,1.6785654129635077,True,128,8.1
1,code,0,Qwen3-1.7B,24,128,0.12015529201016761,6.764424792025238,19.114215640968798,10,240,137,8,5.798497876006877,0.8442033340106718,False,28,8.1
1,code,0,Qwen3-0.6B,6,128,0.11860458299634047,6.019852874975186,21.52087045254853,34,204,94,26,3.3087672920082696,2.587133537977934,True,128,8.1
1,code,0,Qwen3-1.7B,3,128,0.16438979198574089,6.166472082986729,21.159323355231734,38,114,90,12,3.0499056270637084,2.948415917053353,True,128,8.1
1,code,0,Qwen3-0.6B,3,128,0.13699949998408556,5.925430916977348,21.940313506550755,44,132,84,24,2.3690704960608855,3.4135704139480367,True,128,8.1
1,code,0,Qwen3-0.6B,24,128,0.11058408400276676,10.293616624985589,12.471726815059604,22,528,123,20,8.304232624999713,1.8750562089553569,False,28,8.1
1,code,0,Qwen3-1.7B,1,128,0.17421625001588836,7.212051834008889,18.045320679109274,66,66,61,5,1.920065583923133,5.113442875008332,True,128,8.1
1,code,0,Qwen3-0.6B,4,128,0.1286815000057686,5.625861250009621,23.10275555386578,39,156,88,24,2.559545456984779,2.932474459084915,True,128,8.1
1,code,0,Qwen3-1.7B,16,128,0.14283116700244136,5.589726000005612,23.31603673169837,12,192,119,7,4.469922085991129,0.9755453329707962,False,28,8.1
1,code,0,Qwen3-1.7B,2,128,0.11655816700658761,5.482431209005881,23.668096320199282,45,90,82,6,2.1617818319646176,3.201555456907954,True,128,8.1
1,code,0,vanilla_after,0,128,0.08411758299916983,8.91356195800472,14.383691046235302,127,0,0,0,0.0,0.0,True,128,8.1
1,code,1,vanilla,0,128,0.08260545798111707,8.909486332995584,14.387868353303437,127,0,0,0,0.0,0.0,True,128,5.4
1,code,1,Qwen3-0.6B,12,128,0.13583654101239517,5.167701500002295,25.239151097070394,20,240,118,14,3.523582208028529,1.5057233350235038,False,63,5.4
1,code,1,Qwen3-1.7B,16,128,0.16282749999663793,7.374946458003251,17.609249201167092,16,256,125,11,5.89089583104942,1.3190946679969784,True,128,5.4
1,code,1,Qwen3-1.7B,5,128,0.10777400000370108,4.945160915987799,26.253843698207394,26,130,104,9,2.9719444600341376,1.8633449999906588,True,128,5.4
1,code,1,Qwen3-1.7B,24,128,0.10554308301652782,7.992903833015589,16.1017105753677,13,312,129,12,6.840569167979993,1.0448962490190752,True,128,5.4
1,code,1,Qwen3-1.7B,20,128,0.10203320800792426,7.953079791011987,16.17618729647197,15,300,127,12,6.651554459123872,1.1975489989854395,True,128,5.4
1,code,1,Qwen3-1.7B,8,128,0.10487616597674787,5.710767999989912,22.65473608132086,22,176,112,12,4.012063166097505,1.5913862089510076,False,63,5.4
1,code,1,Qwen3-0.6B,5,128,0.1122928750119172,4.183012541994685,31.198414626800584,28,140,102,13,2.0615407068980858,2.006550668098498,True,128,5.4
1,code,1,Qwen3-1.7B,3,128,0.14739779199589975,5.744072000001324,22.69204804137795,37,111,91,9,2.8302819170057774,2.763234166079201,True,128,5.4
1,code,1,Qwen3-0.6B,10,128,0.11534266601665877,5.010268290992826,25.945235889180307,22,220,114,13,3.263363709964324,1.6289878340612631,False,63,5.4
1,code,1,Qwen3-0.6B,20,128,0.09349037500214763,6.526690166007029,19.741342430803364,18,360,124,15,4.995111417927546,1.4356692480505444,True,128,5.4
1,code,1,Qwen3-0.6B,1,128,0.0937592500122264,6.126337666995823,21.05235791754571,68,68,60,8,1.1765473320847377,4.8522801299986895,True,128,5.4
1,code,1,Qwen3-1.7B,12,128,0.15571991700562648,6.918553374998737,18.779110973063588,19,228,119,12,5.352738877059892,1.4076561259280425,False,63,5.4
1,code,1,Qwen3-0.6B,4,128,0.11295099998824298,4.586363458976848,28.38995982693567,32,128,97,13,2.1155635000031907,2.354439539980376,True,128,5.4
1,code,1,Qwen3-0.6B,16,128,0.10060608299681917,5.301457958004903,24.419076538264726,18,288,123,13,3.811602793080965,1.3872393739875406,True,128,5.4
1,code,1,Qwen3-1.7B,4,128,0.13158024998847395,4.962936957977945,26.28661216216635,30,120,99,9,2.722277332068188,2.1069234190217685,True,128,5.4
1,code,1,Qwen3-1.7B,10,128,0.10507150000194088,5.987721625017002,21.58890930126069,20,200,116,11,4.4455288750177715,1.435013876936864,False,63,5.4
1,code,1,Qwen3-0.6B,24,128,0.10526683300849982,6.377197833004175,20.248947254057416,16,384,126,15,5.009848624933511,1.2599810839747079,True,128,5.4
1,code,1,Qwen3-1.7B,2,128,0.12898395798401907,5.541638041991973,23.463535269181516,46,92,81,8,2.1666008720640093,3.2434495450288523,True,128,5.4
1,code,1,Qwen3-0.6B,6,128,0.11166645798948593,4.560380207985872,28.54757737561855,27,162,104,14,2.4776654980378225,1.9680850020085927,True,128,5.4
1,code,1,Qwen3-1.7B,1,128,0.13254233298357576,6.387734957999783,20.303131752025134,66,66,62,4,1.6346122470858973,4.617535549041349,True,128,5.4
1,code,1,Qwen3-1.7B,6,128,0.10844908398576081,5.057088208995992,25.66362120813112,24,144,107,10,3.23817050101934,1.7083682079974096,True,128,5.4
1,code,1,Qwen3-0.6B,3,128,0.10589354098192416,4.384199041000102,29.684649681856616,37,111,91,11,1.6617304579704069,2.613955330918543,True,128,5.4
1,code,1,Qwen3-0.6B,8,128,0.09580195799935609,4.402918042003876,29.486087099357302,24,192,110,14,2.6175698339066003,1.6872467490611598,False,63,5.4
1,code,1,Qwen3-0.6B,2,128,0.09772137500112876,4.955386708985316,26.14424651931228,46,92,81,8,1.5227714599168394,3.3318688780709635,True,128,5.4
1,code,1,vanilla_after,0,128,0.08400262502254918,9.055705500009935,14.155618144028043,127,0,0,0,0.0,0.0,True,128,5.4
1,code,2,vanilla,0,128,0.08546349999960512,9.072511541016866,14.13144777020961,127,0,0,0,0.0,0.0,True,128,4.2
1,code,2,Qwen3-1.7B,3,128,0.14963825000450015,6.825630709005054,19.023388774021,48,144,79,24,3.298326376010664,3.373106915008975,False,14,4.2
1,code,2,Qwen3-1.7B,24,128,0.10936537501402199,11.123168708989397,11.530984905843603,18,432,121,16,9.560771166026825,1.4504309609765187,True,128,4.2
1,code,2,Qwen3-0.6B,3,128,0.10563808400183916,5.769229249999626,22.423934969470153,52,156,76,33,2.1089141640404705,3.5501948769087903,False,14,4.2
1,code,2,Qwen3-0.6B,6,128,0.09330862501519732,6.263716125016799,20.58210904222566,42,252,86,35,3.2641988790710457,2.9014044560317416,True,128,4.2
1,code,2,Qwen3-1.7B,12,128,0.13017712501459755,10.890869125025347,11.802214950476525,32,384,99,29,8.450253413961036,2.3057298760977574,False,14,4.2
1,code,2,Qwen3-1.7B,1,128,0.10398041698499583,6.961257708986523,18.520470237966823,73,73,54,19,1.7689083291043062,5.084004916861886,False,14,4.2
1,code,2,Qwen3-0.6B,24,128,0.108240833011223,14.55450858300901,8.791197989530511,37,888,94,37,11.530073791014729,2.9109335028624628,True,128,4.2
1,code,2,Qwen3-0.6B,4,128,0.09500920798745938,6.504773374996148,19.813521479257233,47,188,82,35,2.9836186241009273,3.4192529999709222,True,128,4.2
1,code,2,Qwen3-0.6B,1,128,0.09613208399969153,6.66005579198827,19.348183441778204,75,75,52,23,1.2511142108996864,5.3076321578992065,False,14,4.2
1,code,2,Qwen3-1.7B,6,128,0.14910708300885744,5.484705375012709,23.80239160626606,25,150,103,11,3.5235559119901154,1.809541085996898,True,128,4.2
1,code,2,Qwen3-0.6B,8,128,0.11088024999480695,8.096814833988901,15.902960218900526,43,344,85,41,4.9096659990318585,3.0696996260085143,False,14,4.2
1,code,2,Qwen3-0.6B,2,128,0.09580787498271093,6.39973895798903,20.146159329431345,62,124,66,34,1.902841998875374,4.3945650831155945,False,14,4.2
1,code,2,Qwen3-1.7B,16,128,0.14077912500943057,8.198848958010785,15.760598087631223,18,288,113,16,6.614265291107586,1.441004208929371,True,128,4.2
1,code,2,Qwen3-0.6B,16,128,0.10783362499205396,11.365948374994332,11.280751957158218,37,592,94,36,8.334302709030453,2.9180744149780367,True,128,4.2
1,code,2,Qwen3-0.6B,20,128,0.09296404200722463,12.896151041990379,9.919405223103208,37,740,94,37,9.880192087875912,2.917660497041652,True,128,4.2
1,code,2,Qwen3-1.7B,8,128,0.13564625001163222,9.111926334007876,14.148399872952666,35,280,93,30,6.432113833085168,2.5389029199723154,False,14,4.2
1,code,2,Qwen3-1.7B,4,128,0.10765724998782389,5.653812499978812,22.89874593759458,33,132,96,16,3.157091414934257,2.385733375995187,True,128,4.2
1,code,2,Qwen3-0.6B,12,128,0.1155691250169184,10.19246445799945,12.603088134131776,42,504,86,42,7.057146125065628,3.0133950419549365,False,14,4.2
1,code,2,Qwen3-1.7B,20,128,0.13506141700781882,9.802365124982316,13.137065291042683,18,360,117,16,8.210724169010064,1.4538051230774727,True,128,4.2
1,code,2,Qwen3-0.6B,5,128,0.11007241701008752,6.504821209004149,19.860045191923458,44,220,87,36,3.2402253761247266,3.148292621888686,True,128,4.2
1,code,2,Qwen3-0.6B,10,128,0.09669629100244492,9.050976291007828,14.183161571887817,42,420,86,41,5.914106084121158,3.033700121945003,False,14,4.2
1,code,2,Qwen3-1.7B,2,128,0.14024199999403208,7.424005292006768,17.436041632388886,58,116,70,27,2.972888167016208,4.304201416991418,False,14,4.2
1,code,2,Qwen3-1.7B,10,128,0.10856220798450522,10.388885082997149,12.353697597250203,34,340,96,30,7.7997478330507874,2.475147835095413,False,14,4.2
1,code,2,Qwen3-1.7B,5,128,0.11088104100781493,6.33975625000312,20.38891384701294,32,160,100,16,3.868372291995911,2.356766502954997,True,128,4.2
1,code,2,vanilla_after,0,128,0.07973204099107534,8.862890832999256,14.45949037327637,127,0,0,0,0.0,0.0,True,128,4.2
1,en2ko,0,vanilla,0,101,0.14320854100515135,7.145873208006378,14.280278259107803,100,0,0,0,0.0,0.0,True,101,3.8
1,en2ko,0,Qwen3-0.6B,16,101,0.16706829200848006,10.309505292010726,9.859563337684804,33,528,68,33,7.506321543012746,2.630875456961803,True,101,3.8
1,en2ko,0,Qwen3-0.6B,5,101,0.12892016602563672,5.118027375021484,20.04366629357859,36,180,65,30,2.456023626087699,2.528761040972313,True,101,3.8
1,en2ko,0,Qwen3-1.7B,6,101,0.1736289999971632,5.891822625009809,17.488040202517425,28,168,73,22,3.715327626996441,1.9996209609380458,True,101,3.8
1,en2ko,0,Qwen3-0.6B,1,101,0.14600249999784864,5.405692749976879,19.012526450659085,62,62,39,23,0.973660915158689,4.282185582851525,True,101,3.8
1,en2ko,0,Qwen3-0.6B,8,101,0.1345167919935193,6.085134958993876,16.80497675931523,33,264,68,33,3.601114370918367,2.3447751681669615,True,101,3.8
1,en2ko,0,Qwen3-0.6B,12,101,0.1364188750158064,8.13262966700131,12.50592344316744,33,396,68,33,5.5791687461023685,2.4119127539452165,True,101,3.8
1,en2ko,0,Qwen3-0.6B,2,101,0.13535241698264144,5.260492959001567,19.511660056956682,47,94,54,24,1.5790007079194766,3.5410497090779245,True,101,3.8
1,en2ko,0,Qwen3-1.7B,12,101,0.20196845798636787,9.252623208012665,11.048924388559783,24,288,77,22,7.191082332079532,1.85514087593765,True,101,3.8
1,en2ko,0,Qwen3-1.7B,10,101,0.1518397920008283,8.310573833994567,12.256803504721566,25,250,76,22,6.229401204996975,1.9250395889685024,True,101,3.8
1,en2ko,0,Qwen3-0.6B,10,101,0.15696495800511912,7.824920207989635,13.041286332520254,33,330,68,33,5.148785170924384,2.5135092880227603,True,101,3.8
1,en2ko,0,Qwen3-1.7B,5,101,0.1847153750131838,6.1378614169952925,16.79784088863119,30,150,71,21,3.689394251035992,2.259472085919697,True,101,3.8
1,en2ko,0,Qwen3-1.7B,4,101,0.15837141699739732,5.855486499989638,17.552743545331012,32,128,68,20,3.2611579559743404,2.431507666944526,True,101,3.8
1,en2ko,0,Qwen3-0.6B,20,101,0.15560937498230487,12.990512749995105,7.791254603028928,33,660,68,33,10.049793921993114,2.779017873108387,True,101,3.8
1,en2ko,0,Qwen3-1.7B,20,101,0.1830567920114845,13.260644459020114,7.646670207554726,23,460,78,23,11.137412622978445,1.935811587027274,True,101,3.8
1,en2ko,0,Qwen3-1.7B,8,101,0.15218849998200312,7.6382170419965405,13.35821783723648,27,216,74,23,5.409219127002871,2.0721615781076252,True,101,3.8
1,en2ko,0,Qwen3-1.7B,24,101,0.15145041601499543,15.5958402499964,6.474843038471856,23,552,78,23,13.46656316408189,1.973398373927921,True,101,3.8
1,en2ko,0,Qwen3-0.6B,6,101,0.15702020801836625,6.005818125006044,17.097530367659424,34,204,67,31,3.267934751987923,2.5751234569761436,True,101,3.8
1,en2ko,0,Qwen3-1.7B,3,101,0.18987741600722075,5.941883833002066,17.385237906644292,37,111,64,21,2.892095204035286,2.855005835852353,True,101,3.8
1,en2ko,0,Qwen3-0.6B,3,101,0.15758450000430457,5.256792125001084,19.61089003510877,41,123,60,29,2.036954417882953,3.056593747140141,True,101,3.8
1,en2ko,0,Qwen3-0.6B,24,101,0.13892887500696816,14.753796834003879,6.842347141319195,33,792,68,33,11.840526208048686,2.7688490829314105,True,101,3.8
1,en2ko,0,Qwen3-1.7B,1,101,0.1862556670093909,6.084564707998652,16.95401161673076,57,57,44,13,1.5800070379627869,4.314141251874389,True,101,3.8
1,en2ko,0,Qwen3-0.6B,4,101,0.16431529200053774,5.787178500002483,17.78453366208325,38,152,62,30,2.6491011260659434,2.9671164569735993,True,101,3.8
1,en2ko,0,Qwen3-1.7B,16,101,0.196688833006192,11.463790250010788,8.875397167285408,23,368,78,23,9.318015209952137,1.9445111630484462,True,101,3.8
1,en2ko,0,Qwen3-1.7B,2,101,0.14973887501400895,5.885244334000163,17.43525495966953,43,86,58,18,2.3859409201832023,3.344521374820033,True,101,3.8
1,en2ko,0,vanilla_after,0,101,0.11908812500769272,7.176409499981673,14.169682048859322,100,0,0,0,0.0,0.0,True,101,3.8
1,en2ko,1,vanilla,0,85,0.14284687498002313,6.076131040987093,14.157420688065509,84,0,0,0,0.0,0.0,True,85,7.2
1,en2ko,1,Qwen3-0.6B,12,85,0.1750307499896735,7.164244957995834,12.018518462887833,28,336,57,28,4.929652374994475,2.055015124962665,True,85,7.2
1,en2ko,1,Qwen3-1.7B,16,85,0.1954704590025358,8.741311291989405,9.82934290980014,19,304,66,18,7.0194215010269545,1.52318475197535,False,59,7.2
1,en2ko,1,Qwen3-1.7B,5,85,0.14635129200178199,4.562900916993385,19.019371937920816,23,115,62,16,2.7315482069388963,1.6820682481338736,True,85,7.2
1,en2ko,1,Qwen3-1.7B,24,85,0.1499566670099739,11.69807941702311,7.273909519181761,18,432,67,18,10.057874789927155,1.4870612939703278,False,59,7.2
1,en2ko,1,Qwen3-1.7B,20,85,0.14608270800090395,9.96295812499011,8.556694103974118,18,360,67,18,8.341314581950428,1.4724176650051959,False,59,7.2
1,en2ko,1,Qwen3-1.7B,8,85,0.14736916701076552,5.552234792005038,15.54155196968269,20,160,65,17,3.9004886260372587,1.5007775430567563,True,85,7.2
1,en2ko,1,Qwen3-0.6B,5,85,0.16094645898556337,4.529082583991112,19.230169938876,29,145,56,26,2.2482670409954153,2.115085456840461,True,85,7.2
1,en2ko,1,Qwen3-1.7B,3,85,0.18277149999630637,4.328599458007375,20.2613328026999,29,87,55,14,2.0614730439847335,2.081492203986272,False,59,7.2
1,en2ko,1,Qwen3-0.6B,10,85,0.1529804169840645,6.227695375011535,13.827809301405601,28,280,57,28,4.046956165897427,2.0234264570171945,True,85,7.2
1,en2ko,1,Qwen3-0.6B,20,85,0.13319808300002478,10.752221665985417,7.910331806268064,30,600,55,30,8.23242695897352,2.382146129035391,False,59,7.2
1,en2ko,1,Qwen3-0.6B,1,85,0.13228741599596106,4.398702290985966,19.68866190027916,49,49,36,13,0.8086847509257495,3.45467200409621,False,59,7.2
1,en2ko,1,Qwen3-1.7B,12,85,0.20388587500201538,6.570587416004855,13.19364500739089,18,216,67,16,5.029346585011808,1.3345202479686122,True,85,7.2
1,en2ko,1,Qwen3-0.6B,4,85,0.14973750000353903,4.347998832992744,20.008282795533155,31,124,54,24,1.9537382899725344,2.2402353360084817,True,85,7.2
1,en2ko,1,Qwen3-0.6B,16,85,0.13583462501992472,9.089903250016505,9.381210209345708,30,480,55,30,6.597830081940629,2.351809962070547,False,59,7.2
1,en2ko,1,Qwen3-1.7B,4,85,0.17860712498077191,4.174364624981536,21.022296773511393,24,96,61,12,2.265101125027286,1.727864667045651,True,85,7.2
1,en2ko,1,Qwen3-1.7B,10,85,0.1498701669916045,5.930481999996118,14.53133378034491,19,190,66,17,4.390165417047683,1.3875581639586017,True,85,7.2
1,en2ko,1,Qwen3-0.6B,24,85,0.14730845799203962,12.372422749991529,6.871101405978046,30,720,55,30,9.819159080012469,2.401301214005798,False,59,7.2
1,en2ko,1,Qwen3-1.7B,2,85,0.18102608298067935,4.241667540976778,20.6863868354074,34,68,51,13,1.6391238330688793,2.418817918980494,False,59,7.2
1,en2ko,1,Qwen3-0.6B,6,85,0.15496783301932737,4.990556500008097,17.371204580208577,29,174,56,28,2.696863538993057,2.13380371304811,True,85,7.2
1,en2ko,1,Qwen3-1.7B,1,85,0.1901240409933962,4.962916124990443,17.599761003972528,48,48,36,12,1.2700065060926136,3.4991973729920574,False,59,7.2
1,en2ko,1,Qwen3-1.7B,6,85,0.15151929200510494,4.71254062501248,18.416927671902247,21,126,64,17,3.014635790983448,1.5433072059531696,True,85,7.2
1,en2ko,1,Qwen3-0.6B,3,85,0.1563160420046188,4.477772084006574,19.43789296560476,36,108,49,24,1.710289295995608,2.6065037889929954,False,59,7.2
1,en2ko,1,Qwen3-0.6B,8,85,0.13951687500230037,5.926392708992353,14.51560434502739,28,224,57,28,3.6545004151121248,2.1271864188893232,True,85,7.2
1,en2ko,1,Qwen3-0.6B,2,85,0.13742333301343024,4.557061416009674,19.006081136637583,41,82,43,28,1.3785307898069732,3.0360786279197782,False,59,7.2
1,en2ko,1,vanilla_after,0,85,0.11782216597930528,5.998717999988003,14.283538149789267,84,0,0,0,0.0,0.0,True,85,7.2
1,en2ko,2,vanilla,0,70,0.1368603750015609,4.959526582999388,14.307438463307202,69,0,0,0,0.0,0.0,True,70,4.6
1,en2ko,2,Qwen3-1.7B,3,70,0.20656249998137355,3.544839249982033,20.66934684189571,23,69,47,10,1.677301671123132,1.658721079962561,True,70,4.6
1,en2ko,2,Qwen3-1.7B,24,72,0.15305562497815117,10.217343332973542,7.054647289504188,15,360,57,15,8.791386542987311,1.2700541260128375,False,26,4.6
1,en2ko,2,Qwen3-0.6B,3,70,0.152495332993567,3.7521366250002757,19.168576644906263,29,87,40,21,1.438304250157671,2.1571326668781694,True,70,4.6
1,en2ko,2,Qwen3-0.6B,6,72,0.14010262498049997,4.536656958982348,16.14901002153068,26,156,46,24,2.4563928739225958,1.9357607109996025,False,26,4.6
1,en2ko,2,Qwen3-1.7B,12,70,0.1920233340060804,5.345253625011537,13.389659709257293,14,168,56,13,4.086253749992466,1.0644084550149273,True,70,4.6
1,en2ko,2,Qwen3-1.7B,1,70,0.15162266700644977,4.001382624992402,17.92319540777243,38,38,32,6,1.0281070430355612,2.819086749921553,True,70,4.6
1,en2ko,2,Qwen3-0.6B,24,72,0.16715770898736082,10.767556167003931,6.697861432397961,24,576,48,24,8.613388251047581,1.983072709030239,False,26,4.6
1,en2ko,2,Qwen3-0.6B,4,72,0.13814200001070276,3.808249875000911,19.345480410487777,26,104,46,20,1.7095261680078693,1.956568291032454,False,26,4.6
1,en2ko,2,Qwen3-0.6B,1,70,0.14024329200037755,4.114584416995058,17.36136829474907,43,43,27,16,0.7819201248930767,3.1886351661523804,True,70,4.6
1,en2ko,2,Qwen3-1.7B,6,72,0.20102470798883587,4.410692291014129,16.86593979208581,18,108,54,15,2.8109666649543215,1.39538521002396,False,26,4.6
1,en2ko,2,Qwen3-0.6B,8,70,0.15253974997904152,5.0579536669829395,14.066091295746036,25,200,44,24,3.0544110031041782,1.8468419109703973,True,70,4.6
1,en2ko,2,Qwen3-0.6B,2,70,0.13622229199972935,3.6662047089776024,19.54683957294978,33,66,36,20,1.0976612510276027,2.428480669070268,True,70,4.6
1,en2ko,2,Qwen3-1.7B,16,72,0.1958143329829909,7.728375707985833,9.425744639216193,16,256,56,15,6.2089399159594905,1.3207805420388468,False,26,4.6
1,en2ko,2,Qwen3-0.6B,16,72,0.15143441598047502,7.855995999998413,9.215319940758189,24,384,48,24,5.763142415002221,1.9374397919746116,False,26,4.6
1,en2ko,2,Qwen3-0.6B,20,72,0.13550762500381097,8.718292500008829,8.272373248777075,24,480,48,24,6.658264584053541,1.9209593339764979,False,26,4.6
1,en2ko,2,Qwen3-1.7B,8,70,0.18065254198154435,4.426087333995383,16.25275228106132,16,128,54,13,3.0534618320525624,1.1895437510102056,True,70,4.6
1,en2ko,2,Qwen3-1.7B,4,72,0.15233304200228304,3.7802283750206698,19.570575632050673,21,84,51,12,2.074660835060058,1.5506941620551515,False,26,4.6
1,en2ko,2,Qwen3-0.6B,12,70,0.15273074997821823,6.188004707975779,11.432786726866905,25,300,45,25,4.2196495010575745,1.8119438339199405,True,70,4.6
1,en2ko,2,Qwen3-1.7B,20,72,0.1787116669875104,8.315097916987725,8.726232730162993,15,300,57,15,6.910753582982579,1.2231920830672607,False,26,4.6
1,en2ko,2,Qwen3-0.6B,5,72,0.14820429199608043,3.9729411670123227,18.563368493080585,26,130,46,24,1.9444744139909744,1.876527959946543,False,26,4.6
1,en2ko,2,Qwen3-0.6B,10,70,0.1346928340208251,5.512795417016605,12.82980362222186,25,250,45,25,3.5641848760133144,1.810153415048262,True,70,4.6
1,en2ko,2,Qwen3-1.7B,2,70,0.17890387499937788,3.5344316250120755,20.56308430163896,28,56,41,10,1.3478813339897897,2.0054406650015153,True,70,4.6
1,en2ko,2,Qwen3-1.7B,10,70,0.15350845799548551,4.229895541997394,16.92675366154401,14,140,56,11,3.0761412929859944,0.9985405409825034,True,70,4.6
1,en2ko,2,Qwen3-1.7B,5,72,0.1427691670251079,3.6618276250083,20.175851253318143,19,95,53,14,2.159351915062871,1.3574262909824029,False,26,4.6
1,en2ko,2,vanilla_after,0,70,0.11690629099030048,4.833210165990749,14.630100567892995,69,0,0,0,0.0,0.0,True,70,4.6
1,ko2en,0,vanilla,0,52,0.13333208300173283,3.582153290975839,14.787661326740169,51,0,0,0,0.0,0.0,True,52,4.6
1,ko2en,0,Qwen3-0.6B,16,52,0.1650870000012219,4.257122833019821,12.463233969869343,14,224,38,14,2.9907048780005425,1.0993901649489999,True,52,4.6
1,ko2en,0,Qwen3-0.6B,5,52,0.12368891699588858,2.4122018339985516,22.28521395754073,17,85,35,14,1.1033987509727012,1.1831432500039227,True,52,4.6
1,ko2en,0,Qwen3-1.7B,6,52,0.1709384589921683,2.2131655839912128,24.972736565735246,10,60,42,6,1.3276715849642642,0.71357012403314,True,52,4.6
1,ko2en,0,Qwen3-0.6B,1,52,0.14579887498985045,2.620387707982445,20.609484420215445,29,29,23,6,0.45920566804124974,2.0138772900390904,True,52,4.6
1,ko2en,0,Qwen3-0.6B,8,52,0.13432395900599658,3.012446375010768,17.71988561584361,16,128,36,14,1.741874790925067,1.1342691250611097,True,52,4.6
1,ko2en,0,Qwen3-0.6B,12,52,0.12472633400466293,3.2842109999910463,16.141872929165785,14,168,38,14,2.171769914915785,0.9858832070895005,True,52,4.6
1,ko2en,0,Qwen3-0.6B,2,52,0.12493741698563099,2.3770344170043245,22.645561003623147,23,46,29,11,0.659172332030721,1.5910929600067902,True,52,4.6
1,ko2en,0,Qwen3-1.7B,12,52,0.18171837500995025,2.5788780419970863,21.275178580031433,7,84,45,5,1.8883335430000443,0.5079733309685253,True,52,4.6
1,ko2en,0,Qwen3-1.7B,10,52,0.14113320797332563,2.460855040990282,21.985394659872224,8,80,44,5,1.745530710031744,0.5733604170090985,True,52,4.6
1,ko2en,0,Qwen3-0.6B,10,52,0.13920149998739362,3.1003000419877935,17.223337648718182,14,140,38,14,1.9456807489914354,1.013273626944283,True,52,4.6
1,ko2en,0,Qwen3-1.7B,5,52,0.17382179200649261,2.3677808750071563,23.245647740270357,12,60,40,6,1.3461109169293195,0.8467677910521161,True,52,4.6
1,ko2en,0,Qwen3-1.7B,4,52,0.14038220900692977,2.2281598749978,24.42788848198313,13,52,39,5,1.1691529579693452,0.9176592920266557,True,52,4.6
1,ko2en,0,Qwen3-0.6B,20,52,0.1435610420012381,4.910488166991854,10.698716104266099,14,280,38,14,3.6595182910677977,1.1055506239936221,True,52,4.6
1,ko2en,0,Qwen3-1.7B,20,52,0.1646650419861544,3.164316708978731,17.001974116258683,6,120,46,6,2.529863289993955,0.46899608403327875,True,52,4.6
1,ko2en,0,Qwen3-1.7B,8,52,0.13967387500451878,2.635290707985405,20.43582946148152,10,80,42,6,1.7807242919807322,0.7136711240455043,True,52,4.6
1,ko2en,0,Qwen3-1.7B,24,52,0.14340650002122857,3.7303598330181558,14.218194457910359,6,144,46,6,3.1063812500215136,0.4796904170070775,True,52,4.6
1,ko2en,0,Qwen3-0.6B,6,52,0.1355581250099931,2.7314014160074294,19.646794618485455,17,102,35,14,1.3910527940897737,1.202626832993701,True,52,4.6
1,ko2en,0,Qwen3-1.7B,3,52,0.17320950000430457,2.2222399590245914,24.88982034185323,15,45,37,4,1.007998876972124,1.0400854160543531,True,52,4.6
1,ko2en,0,Qwen3-0.6B,3,52,0.14319650002289563,2.2926396670227405,23.727075357468003,19,57,33,12,0.831136164983036,1.3164791239541955,True,52,4.6
1,ko2en,0,Qwen3-0.6B,24,52,0.13242554201860912,5.595202416996472,9.335911234742985,14,336,38,14,4.352489709010115,1.1083961660624482,True,52,4.6
1,ko2en,0,Qwen3-1.7B,1,52,0.1668294160044752,2.6228483750019222,20.765312015676916,27,27,25,2,0.623962999030482,1.8309451280219946,True,52,4.6
1,ko2en,0,Qwen3-0.6B,4,52,0.13972695902339183,2.355051625025226,23.021456305112878,17,68,35,12,1.0034737499663606,1.2098957489943132,True,52,4.6
1,ko2en,0,Qwen3-1.7B,16,52,0.1790246250166092,3.2091323329950683,16.831084870585254,7,112,45,6,2.4714691659319215,0.557701042998815,True,52,4.6
1,ko2en,0,Qwen3-1.7B,2,52,0.14079449998098426,2.452811915980419,22.05865736437535,20,40,32,6,0.922384874895215,1.3883917500788812,True,52,4.6
1,ko2en,0,vanilla_after,0,52,0.10991433300659992,3.5160695409867913,14.972893742631998,51,0,0,0,0.0,0.0,True,52,4.6
1,ko2en,1,vanilla,0,49,0.1344634999986738,3.3798969159834087,14.790012256478773,48,0,0,0,0.0,0.0,True,49,4.0
1,ko2en,1,Qwen3-0.6B,12,49,0.1632197499857284,3.6678458749956917,13.696182784651114,15,180,34,15,2.418920042022364,1.0836261260556057,True,49,4.0
1,ko2en,1,Qwen3-1.7B,16,49,0.16676670900778845,4.763059666991467,10.44319855996665,11,176,38,11,3.735211584047647,0.8595474569883663,True,49,4.0
1,ko2en,1,Qwen3-1.7B,5,49,0.14239337501931004,2.702478000021074,18.749380208463588,14,70,35,10,1.5604128740960732,0.9980337918968871,True,49,4.0
1,ko2en,1,Qwen3-1.7B,24,49,0.1458346250001341,6.689998124988051,7.3347800677792705,11,264,38,11,5.654731708957115,0.8878043320437428,True,49,4.0
1,ko2en,1,Qwen3-1.7B,20,49,0.1435873750015162,5.788652750023175,8.50300161489553,11,220,38,11,4.762197292002384,0.8812786659400444,True,49,4.0
1,ko2en,1,Qwen3-1.7B,8,49,0.13964437498361804,3.37089950000518,14.854908740664573,13,104,36,10,2.2950108750956133,0.9345552089216653,True,49,4.0
1,ko2en,1,Qwen3-0.6B,5,49,0.14777279098052531,2.882064707984682,17.554819111117983,18,90,31,14,1.4112766640610062,1.3205412939132657,True,49,4.0
1,ko2en,1,Qwen3-1.7B,3,49,0.18009158299537376,2.5959335830120835,19.86884903883118,18,54,31,11,1.1795509149378631,1.234639876987785,True,49,4.0
1,ko2en,1,Qwen3-0.6B,10,49,0.14097533299354836,3.2537830829969607,15.42016207070526,15,150,34,15,2.0429485409113113,1.0677593339933082,True,49,4.0
1,ko2en,1,Qwen3-0.6B,20,49,0.12518237499170937,5.098713290994056,9.651091108242616,15,300,34,15,3.803989374951925,1.1675426690198947,True,49,4.0
1,ko2en,1,Qwen3-0.6B,1,49,0.12591599998995662,2.530220749991713,19.964191311423786,29,29,19,10,0.429152461088961,1.9734770829963963,True,49,4.0
1,ko2en,1,Qwen3-1.7B,12,49,0.1792789159808308,3.859426415991038,13.0429554793298,11,132,38,11,2.8890985009784345,0.7894884179986548,True,49,4.0
1,ko2en,1,Qwen3-0.6B,4,49,0.13684462499804795,2.5221682080009487,20.12305598369696,19,76,30,14,1.0479404979560059,1.3351846310833935,True,49,4.0
1,ko2en,1,Qwen3-0.6B,16,49,0.12988516598124988,4.422924290993251,11.18089041405273,15,240,34,15,3.1290752089989837,1.1619469579600263,True,49,4.0
1,ko2en,1,Qwen3-1.7B,4,49,0.16698891599662602,2.5169190000160597,20.426139622800388,15,60,34,9,1.3107557509792969,1.0377248759905342,True,49,4.0
1,ko2en,1,Qwen3-1.7B,10,49,0.14386995899258181,3.368348624993814,14.886127331562149,11,110,38,11,2.431770666880766,0.791181000036886,True,49,4.0
1,ko2en,1,Qwen3-0.6B,24,49,0.14125408401014283,6.001083834009478,8.191364262759587,15,360,34,15,4.66977358298027,1.188051458040718,True,49,4.0
1,ko2en,1,Qwen3-1.7B,2,49,0.16758266699616797,2.4290790829982143,21.224884399709154,20,40,29,7,0.89046091894852,1.3697624550259206,True,49,4.0
1,ko2en,1,Qwen3-0.6B,6,49,0.14430379201075993,2.682281207991764,18.912697842682167,16,96,33,13,1.376000583084533,1.1599941659660544,True,49,4.0
1,ko2en,1,Qwen3-1.7B,1,49,0.17268683298607357,2.5505494579847436,20.18619557554417,26,26,22,4,0.6059754629677627,1.7707396249461453,True,49,4.0
1,ko2en,1,Qwen3-1.7B,6,49,0.14664466699468903,3.020707791991299,16.701094552353165,14,84,35,11,1.8733176250534598,0.999058999994304,True,49,4.0
1,ko2en,1,Qwen3-0.6B,3,49,0.14143841699115,2.358150125015527,21.653695348043044,20,60,29,14,0.8465201259823516,1.3682532479870133,True,49,4.0
1,ko2en,1,Qwen3-0.6B,8,49,0.13070466698263772,2.759022249985719,18.262633218454457,15,120,34,15,1.5798573750653304,1.0465329159633256,True,49,4.0
1,ko2en,1,Qwen3-0.6B,2,49,0.12687704098061658,2.3485143749858253,21.60568661018345,23,46,26,12,0.6429224970052019,1.5767964189872146,True,49,4.0
1,ko2en,1,vanilla_after,0,49,0.10993720902479254,3.301018792000832,15.041921916403856,48,0,0,0,0.0,0.0,True,49,4.0
1,ko2en,2,vanilla,0,51,0.1284108340041712,3.496676333976211,14.844435511516254,50,0,0,0,0.0,0.0,True,51,3.3
1,ko2en,2,Qwen3-1.7B,3,51,0.19097337499260902,2.536116667004535,21.320658814457524,17,51,34,8,1.1600092080188915,1.1836858739843592,True,51,3.3
1,ko2en,2,Qwen3-1.7B,24,51,0.14693750001606531,4.880741125001805,10.56233083605166,8,192,43,8,4.098846666020108,0.6338251669949386,True,51,3.3
1,ko2en,2,Qwen3-0.6B,3,51,0.13604537502396852,2.170662791002542,24.574644651781824,18,54,33,9,0.7803573338896967,1.2526029589935206,True,51,3.3
1,ko2en,2,Qwen3-0.6B,6,51,0.13288541699876077,2.1283983750035986,25.056214142548697,13,78,38,10,1.074415208917344,0.919576123036677,True,51,3.3
1,ko2en,2,Qwen3-1.7B,12,51,0.17489033300080337,3.2381516660097986,16.322472869425656,9,108,42,8,2.4049964990117587,0.6569422929605935,True,51,3.3
1,ko2en,2,Qwen3-1.7B,1,51,0.13653662501019426,2.703317292005522,19.47965427779615,28,28,23,5,0.657533207006054,1.9078938759921584,True,51,3.3
1,ko2en,2,Qwen3-0.6B,24,51,0.14531062499736436,4.155803041008767,12.467296983378173,10,240,41,10,3.2155122510448564,0.7935757489467505,True,51,3.3
1,ko2en,2,Qwen3-0.6B,4,51,0.12252274999627843,1.8162041659816168,29.52149059916994,14,56,36,6,0.7386876679374836,0.953886791045079,True,51,3.3
1,ko2en,2,Qwen3-0.6B,1,51,0.12454004201572388,2.545753332989989,20.65080353985693,29,29,22,7,0.4412787049077451,1.9783932530262973,True,51,3.3
1,ko2en,2,Qwen3-1.7B,6,51,0.18048729200381786,2.449294625024777,22.038010575990192,11,66,40,8,1.4798762069549412,0.7876784999971278,True,51,3.3
1,ko2en,2,Qwen3-0.6B,8,51,0.13903925000340678,2.2836816670023836,23.313909863801715,12,96,39,10,1.2963783740415238,0.8467750849376898,True,51,3.3
1,ko2en,2,Qwen3-0.6B,2,51,0.12300200000754558,2.041377250017831,26.063722412876167,20,40,30,8,0.5538664979394525,1.3632097080117092,True,51,3.3
1,ko2en,2,Qwen3-1.7B,16,51,0.17472370900213718,3.604414125002222,14.578575304272816,8,128,43,7,2.7970164599537384,0.6316047900763806,True,51,3.3
1,ko2en,2,Qwen3-0.6B,16,51,0.13398295899969526,2.981098499993095,17.5616336183372,10,160,41,10,2.073347127006855,0.772413956001401,True,51,3.3
1,ko2en,2,Qwen3-0.6B,20,51,0.12215074998675846,3.4779752919857856,14.899467887619524,10,200,41,10,2.5756786249985453,0.7787550010543782,True,51,3.3
1,ko2en,2,Qwen3-1.7B,8,51,0.16283512499649078,2.598735416017007,20.526291730542297,10,80,41,8,1.731267000985099,0.7033827890118118,True,51,3.3
1,ko2en,2,Qwen3-1.7B,4,51,0.13884699999471195,2.2112700830039103,24.12634775684849,13,52,37,5,1.1625072070164606,0.9088464170054067,True,51,3.3
1,ko2en,2,Qwen3-0.6B,12,51,0.14284066698746756,2.8215102090034634,18.66598295001684,11,132,40,10,1.8759174990700558,0.8011555850098375,True,51,3.3
1,ko2en,2,Qwen3-1.7B,20,51,0.1698087089753244,4.219230624992633,12.347441446451212,8,160,43,8,3.4181945400196128,0.6300862499629147,True,51,3.3
1,ko2en,2,Qwen3-0.6B,5,51,0.13687499999650754,1.960250583011657,27.421668067595583,13,65,38,10,0.9140155000495724,0.9079744180489797,True,51,3.3
1,ko2en,2,Qwen3-0.6B,10,51,0.1275710000190884,2.361290041008033,22.384193841076485,11,110,40,9,1.4542497930233367,0.778182913956698,True,51,3.3
1,ko2en,2,Qwen3-1.7B,2,51,0.16708354200818576,2.3077790419920348,23.35689499061274,19,38,32,4,0.842767999129137,1.2969126669631805,True,51,3.3
1,ko2en,2,Qwen3-1.7B,10,51,0.14465833301073872,2.8189376250084024,18.696626096465202,9,90,42,8,2.018976627034135,0.6540816649794579,True,51,3.3
1,ko2en,2,Qwen3-1.7B,5,51,0.14065479100099765,2.1297214580117725,25.137417880086144,11,55,40,6,1.215144874935504,0.7729031250928529,True,51,3.3
1,ko2en,2,vanilla_after,0,51,0.10406058398075402,3.420623333979165,15.075849235786041,50,0,0,0,0.0,0.0,True,51,3.3
